stress,policy,joint_incremental_value_MEUR,client_incremental_MEUR,bilfinger_net_MEUR,fee_total_MEUR,pv_opex_MEUR,pv_capex_MEUR,pv_loss_MEUR,mean_availability,mean_reported_availability,p_any_event,events_per_path,final_health,final_backlog,final_debt,final_competence,cost_first12_MEUR,cost_last12_MEUR,p_joint_negative
none,P0,"[0.0, 0.0, 0.0]","[0.0, 0.0, 0.0]","[0.0, 0.0, 0.0]","[0.0, 0.0, 0.0]","[12.036434551910363, 10.367596431873867, 14.424965401712564]","[1.1206715995568817, 0.0, 4.583192580443989]","[0.22957275725012527, 0.0, 1.237461996719877]",0.8667925541176692,0.8667780041081912,0.157,0.1815,0.7045352003096165,2.7187842815061094,0.33101913420278445,0.5499999999999964,2.7551,3.586196,0.0
none,P1,"[-23.450083101998942, -29.952746173241014, -14.826094570529573]","[-29.52820854355576, -36.10731702875885, -20.50262889056599]","[6.078125441556809, 5.687827964886338, 6.228920187391979]","[14.991381798250162, 14.989296046082698, 14.99348615934839]","[7.14178035559803, 6.988899857595396, 7.530918880816604]","[3.5024497245594928, 0.0, 4.824481105030977]","[1.1164456709631094, 0.0, 2.687708783285578]",0.7525990093025143,0.7525844592930363,0.5715,0.9525,0.37921764446172823,23.538647073906716,4.22241301357243,0.5199999999999997,1.789121,3.074047,1.0
none,P2,"[2.595104648529649, -3.468676619731411, 7.705852371109025]","[1.6387005339782545, -4.3197341995969865, 7.615280259282038]","[0.9564041145513933, -0.8172458141728405, 2.663030551070828]","[18.572947927975918, 16.430429391975025, 20.338159787544853]","[15.8450678123292, 13.903546612095107, 18.681759029218036]","[0.48367986036003635, 0.0, 0.0]","[0.05782800332430308, 0.0, 0.0]",0.9059763153039325,0.9059667561420968,0.04,0.04,0.9020084898759907,1.325771716541978,0.0012793880306222884,0.6099999999999965,4.448347638908517,3.6180898076998047,0.288
latent_debt,P0,"[0.0, 0.0, 0.0]","[0.0, 0.0, 0.0]","[0.0, 0.0, 0.0]","[0.0, 0.0, 0.0]","[12.036434551910363, 10.367596431873867, 14.424965401712564]","[1.1206715995568817, 0.0, 4.583192580443989]","[0.8827100434788933, 0.0, 2.564706304764685]",0.8657645541176692,0.8657500041081913,0.4675,0.6955,0.7045352003096165,2.7187842815061094,0.33101913420278445,0.5499999999999964,2.7551,3.586196,0.0
latent_debt,P1,"[-26.468679321887322, -34.12206248595476, -17.46490078849683]","[-32.54669748930901, -40.329263061738054, -23.188980916910438]","[6.0780181674216855, 5.687827964886338, 6.228920187391979]","[14.991274524115038, 14.989296046082698, 14.993365438901417]","[7.14178035559803, 6.988899857595396, 7.530918880816604]","[3.5024497245594928, 0.0, 4.824481105030977]","[4.012416026028959, 1.0340537347888756, 8.109543465228976]",0.7476820093025143,0.7476674592930362,0.9085,3.411,0.37921764446172823,23.538647073906716,4.22241301357243,0.5199999999999997,1.789121,3.074047,1.0
latent_debt,P2,"[3.271541997241021, -2.968968664464266, 8.912426382081494]","[2.2408039715146812, -3.7836143112234355, 8.434846568974187]","[1.0307380257263379, -0.7343038361979194, 2.7439355150770655]","[18.647281839150864, 16.464930152649732, 20.43834569278849]","[15.8450678123292, 13.903546612095107, 18.681759029218036]","[0.48367986036003635, 0.0, 0.0]","[0.2077864911192321, 0.0, 1.4167811791917349]",0.9057683153039324,0.9057587561420968,0.1345,0.144,0.9020084898759907,1.325771716541978,0.0012793880306222884,0.6099999999999965,4.448347638908517,3.6180898076998047,0.267
capex_delay,P0,"[0.0, 0.0, 0.0]","[0.0, 0.0, 0.0]","[0.0, 0.0, 0.0]","[0.0, 0.0, 0.0]","[12.067853083670139, 10.367596431873867, 14.424965401712564]","[0.6422257056280191, 0.0, 4.243696833744435]","[0.23773495239386236, 0.0, 1.237461996719877]",0.8639075878073694,0.8638930377978913,0.161,0.189,0.6782036020718283,2.9070471915227727,0.38151978430425365,0.5499999999999964,2.7551,3.635188,0.0
capex_delay,P1,"[-23.8510745277006, -30.300177128775147, -15.251454437446876]","[-29.92867596356455, -36.476022933125414, -21.201159119729198]","[6.077601435863941, 5.687827964886338, 6.228920187391979]","[14.990607209577115, 14.989296046082698, 14.993156668982163]","[7.141529772617852, 6.988899857595396, 7.530918880816604]","[2.322101909658636, 0.0, 4.467112134287942]","[1.1789568525716108, 0.0, 3.231884886672202]",0.7440987646659628,0.7440842146564848,0.5855,1.0105,0.321164509805358,24.64453098413449,4.806812633426036,0.5199999999999997,1.789121,4.012717,1.0
capex_delay,P2,"[2.5555835824522077, -3.468676619731411, 8.015945827447785]","[1.4737663942440058, -4.348290327246749, 7.146177359879167]","[1.0818171882082004, -0.5379276224617646, 2.705541062857493]","[18.73390325573299, 16.430429391975025, 20.682923751206353]","[15.880610066429465, 13.903546612095107, 18.807843833182588]","[0.3722663792013751, 0.0, 0.0]","[0.058442778838493824, 0.0, 0.0]",0.9048659284196942,0.9048563692578583,0.0405,0.0405,0.8998023128206444,1.359162388853794,0.0014259732700772293,0.6099999999999965,4.448347638908517,3.6078322151297337,0.2935
skills_shortage,P0,"[0.0, 0.0, 0.0]","[0.0, 0.0, 0.0]","[0.0, 0.0, 0.0]","[0.0, 0.0, 0.0]","[12.77129795960174, 10.676056155773436, 14.502140733981792]","[1.7310384777067356, 0.0, 4.583192580443989]","[0.3098080962904975, 0.0, 1.2696181495905046]",0.8476135952677936,0.8475990452583155,0.2145,0.255,0.594910673546725,7.068000187255989,0.9312819523609894,0.05000000000000001,2.7551,4.722528,0.0
skills_shortage,P1,"[-20.101739530955413, -26.62671194956087, -13.278281751191715]","[-26.198757103870122, -32.79719790096742, -19.3208173209197]","[6.097017572914705, 5.70711152790561, 6.228920187391979]","[14.993423527085124, 14.989296046082698, 14.995575941050769]","[7.124929953075094, 6.988899857595396, 7.510708517081763]","[3.8405984147399987, 0.0, 4.824481105030977]","[1.2457826768917322, 0.0, 3.2820055977596554]",0.7466892469767581,0.7466746969672801,0.6145,1.0705,0.3348410731802308,27.525186593967614,5.191021326879045,0.05000000000000001,1.789121,3.309795,1.0
skills_shortage,P2,"[3.5016429691082296, -1.8394744435589716, 8.398347933717176]","[3.3658307933964053, -2.335040505173686, 8.697843022483626]","[0.13581217571182366, -1.6448589374602716, 1.5299463849118464]","[18.934895548489592, 16.89215584380873, 20.76112646390122]","[17.027607371682446, 14.334271417858133, 19.707756654727948]","[0.9172254944242022, 0.0, 4.467112134287942]","[0.06556290534573633, 0.0, 0.0]",0.8908002430494127,0.8907906838875769,0.046,0.047,0.8380331593489944,4.5915640910605,0.04662146684946948,0.05000000000000001,4.448347638908517,4.852837523258963,0.1915
poor_data,P0,"[0.0, 0.0, 0.0]","[0.0, 0.0, 0.0]","[0.0, 0.0, 0.0]","[0.0, 0.0, 0.0]","[12.036434551910363, 10.367596431873867, 14.424965401712564]","[1.1206715995568817, 0.0, 4.583192580443989]","[0.22957275725012527, 0.0, 1.237461996719877]",0.8667925541176692,0.8667343540797571,0.157,0.1815,0.7045352003096165,2.7187842815061094,0.33101913420278445,0.5499999999999964,2.7551,3.586196,0.0
poor_data,P1,"[-23.450083101998942, -29.952746173241014, -14.826094570529573]","[-29.55463880017324, -36.126850167694954, -20.526303569554507]","[6.104555698174296, 5.71184019529299, 6.251954046357114]","[15.01781205486765, 14.989296046082698, 15.05528434114208]","[7.14178035559803, 6.988899857595396, 7.530918880816604]","[3.5024497245594928, 0.0, 4.824481105030977]","[1.1164456709631094, 0.0, 2.687708783285578]",0.7525990093025143,0.7525408092646023,0.5715,0.9525,0.37921764446172823,23.538647073906716,4.22241301357243,0.5199999999999997,1.789121,3.074047,1.0
poor_data,P2,"[2.595104648529649, -3.468676619731411, 7.705852371109025]","[1.5690629562567395, -4.397551787535849, 7.560590136251489]","[1.0260416922729079, -0.7484221666519206, 2.7251709770770094]","[18.642585505697433, 16.51044658701402, 20.386705584210937]","[15.8450678123292, 13.903546612095107, 18.681759029218036]","[0.48367986036003635, 0.0, 0.0]","[0.05782800332430308, 0.0, 0.0]",0.9059763153039325,0.9059380786565889,0.04,0.04,0.9020084898759907,1.325771716541978,0.0012793880306222884,0.6099999999999965,4.448347638908517,3.6180898076998047,0.288
demand_shock,P0,"[0.0, 0.0, 0.0]","[0.0, 0.0, 0.0]","[0.0, 0.0, 0.0]","[0.0, 0.0, 0.0]","[12.036434551910363, 10.367596431873867, 14.424965401712564]","[1.1206715995568817, 0.0, 4.583192580443989]","[0.22957275725012527, 0.0, 1.237461996719877]",0.8667925541176692,0.8667780041081912,0.157,0.1815,0.7045352003096165,2.7187842815061094,0.33101913420278445,0.5499999999999964,2.7551,3.586196,0.0
demand_shock,P1,"[-17.90047971687043, -22.98258716382424, -11.634313333243817]","[-23.978605158427243, -29.16854718561755, -17.446247682940637]","[6.078125441556809, 5.687827964886338, 6.228920187391979]","[14.991381798250162, 14.989296046082698, 14.99348615934839]","[7.14178035559803, 6.988899857595396, 7.530918880816604]","[3.5024497245594928, 0.0, 4.824481105030977]","[1.1164456709631094, 0.0, 2.687708783285578]",0.7525990093025143,0.7525844592930363,0.5715,0.9525,0.37921764446172823,23.538647073906716,4.22241301357243,0.5199999999999997,1.789121,3.074047,1.0
demand_shock,P2,"[0.6535993362524342, -3.7145205776463195, 4.765428313906571]","[-0.3028047782989612, -4.573971542522723, 4.710169184282267]","[0.9564041145513933, -0.8172458141728405, 2.663030551070828]","[18.572947927975918, 16.430429391975025, 20.338159787544853]","[15.8450678123292, 13.903546612095107, 18.681759029218036]","[0.48367986036003635, 0.0, 0.0]","[0.05782800332430308, 0.0, 0.0]",0.9059763153039325,0.9059667561420968,0.04,0.04,0.9020084898759907,1.325771716541978,0.0012793880306222884,0.6099999999999965,4.448347638908517,3.6180898076998047,0.4035
transition_delay,P0,"[0.0, 0.0, 0.0]","[0.0, 0.0, 0.0]","[0.0, 0.0, 0.0]","[0.0, 0.0, 0.0]","[12.036434551910363, 10.367596431873867, 14.424965401712564]","[1.1206715995568817, 0.0, 4.583192580443989]","[0.22957275725012527, 0.0, 1.237461996719877]",0.8667925541176692,0.8667780041081912,0.157,0.1815,0.7045352003096165,2.7187842815061094,0.33101913420278445,0.5499999999999964,2.7551,3.586196,0.0
transition_delay,P1,"[-26.79634570150777, -33.30369006667119, -19.8269031262306]","[-32.99510242454461, -39.52493658132447, -26.02287020741326]","[6.19875672303683, 6.155138005819982, 6.262356399526851]","[14.990690589776785, 14.989296046082698, 14.992097907222574]","[7.053894077779503, 6.988899857595396, 7.096118251302264]","[3.875594941420289, 0.0, 4.886762536227416]","[1.256516679107368, 0.0, 3.3210193965096857]",0.7389966502974209,0.738982100287943,0.615,1.07,0.3599608773622027,25.59021304171758,4.606276082140392,0.5199999999999997,1.762292,2.830884,1.0
transition_delay,P2,"[-0.8468283869143767, -5.752772188554632, 4.174909711300399]","[-0.22828773632986163, -4.993284046634799, 4.088147223335496]","[-0.6185406505845173, -3.3135087081613754, 1.5157468529945233]","[17.986714135185327, 15.842845567753345, 20.03935969507064]","[16.867214996809395, 14.675113373814975, 20.21826482085126]","[0.9365921819059215, 0.0, 5.2439637186639585]","[0.0794665173344361, 0.0, 0.0]",0.8967202368651347,0.8967106777032988,0.0545,0.056,0.9050070960383748,1.618585248095907,0.0022834366195638735,0.6099999999999965,4.791288427033249,3.5432843284712163,0.585
kpi_gaming,P0,"[0.0, 0.0, 0.0]","[0.0, 0.0, 0.0]","[0.0, 0.0, 0.0]","[0.0, 0.0, 0.0]","[12.036434551910363, 10.367596431873867, 14.424965401712564]","[1.1206715995568817, 0.0, 4.583192580443989]","[0.22957275725012527, 0.0, 1.237461996719877]",0.8667925541176692,0.8667780041081912,0.157,0.1815,0.7045352003096165,2.7187842815061094,0.33101913420278445,0.5499999999999964,2.7551,3.586196,0.0
kpi_gaming,P1,"[-23.450083101998942, -29.952746173241014, -14.826094570529573]","[-29.592828794469824, -36.152269805606785, -20.556355138992863]","[6.142745692470881, 5.760701309134662, 6.276536877812761]","[15.056002049164233, 15.029266643815802, 15.074227413789973]","[7.14178035559803, 6.988899857595396, 7.530918880816604]","[3.5024497245594928, 0.0, 4.824481105030977]","[1.1164456709631094, 0.0, 2.687708783285578]",0.7525990093025143,0.7725844592930363,0.5715,0.9525,0.37921764446172823,23.538647073906716,4.22241301357243,0.5199999999999997,1.789121,3.074047,1.0
kpi_gaming,P2,"[2.595104648529649, -3.468676619731411, 7.705852371109025]","[1.6387005339782545, -4.3197341995969865, 7.615280259282038]","[0.9564041145513933, -0.8172458141728405, 2.663030551070828]","[18.572947927975918, 16.430429391975025, 20.338159787544853]","[15.8450678123292, 13.903546612095107, 18.681759029218036]","[0.48367986036003635, 0.0, 0.0]","[0.05782800332430308, 0.0, 0.0]",0.9059763153039325,0.9059667561420968,0.04,0.04,0.9020084898759907,1.325771716541978,0.0012793880306222884,0.6099999999999965,4.448347638908517,3.6180898076998047,0.288
end_of_contract,P0,"[0.0, 0.0, 0.0]","[0.0, 0.0, 0.0]","[0.0, 0.0, 0.0]","[0.0, 0.0, 0.0]","[12.036434551910363, 10.367596431873867, 14.424965401712564]","[1.1206715995568817, 0.0, 4.583192580443989]","[0.22957275725012527, 0.0, 1.237461996719877]",0.8667925541176692,0.8667780041081912,0.157,0.1815,0.7045352003096165,2.7187842815061094,0.33101913420278445,0.5499999999999964,2.7551,3.586196,0.0
end_of_contract,P1,"[-23.378034417724745, -29.901800833366664, -14.80669704106417]","[-29.746925983992288, -36.33633213718177, -20.805811775107866]","[6.368891566267534, 5.968880413537815, 6.5099726360434556]","[14.991111947798602, 14.989296046082698, 14.993431586791916]","[6.850744380435746, 6.707847408943919, 7.249866432165128]","[3.5024497245594928, 0.0, 4.824481105030977]","[1.1232924418416441, 0.0, 2.6970194384284203]",0.751432504831662,0.7514179548221842,0.5725,0.959,0.3433061085198496,24.150147343753183,4.426049959543814,0.5199999999999997,1.789121,2.664,1.0
end_of_contract,P2,"[2.595104648529649, -3.468676619731411, 7.705852371109025]","[1.6387005339782545, -4.3197341995969865, 7.615280259282038]","[0.9564041145513933, -0.8172458141728405, 2.663030551070828]","[18.572947927975918, 16.430429391975025, 20.338159787544853]","[15.8450678123292, 13.903546612095107, 18.681759029218036]","[0.48367986036003635, 0.0, 0.0]","[0.05782800332430308, 0.0, 0.0]",0.9059763153039325,0.9059667561420968,0.04,0.04,0.9020084898759907,1.325771716541978,0.0012793880306222884,0.6099999999999965,4.448347638908517,3.6180898076998047,0.288
